{"actual_values": {"0": -0.40831191200716793, "1": -0.5204741377782722, "2": -0.6954454921506332, "3": -0.8040339944810057, "4": -0.6059258737036793, "5": -0.5347787097648066, "6": -0.6494275579610026, "7": -0.5383480174356414, "8": -0.5173388341498459, "9": -0.30770807727923966, "10": -0.4596439494215148, "11": -0.5305554437878356, "12": -0.6154141172126676, "13": -0.932142897381758, "14": -0.8680575839671598, "15": -0.8115609161198136, "16": -0.8104542797394465, "17": -0.8612228056722384}, "predicted_values": {"0": -0.6270407438278198, "1": -0.6254746913909912, "2": -0.7054439783096313, "3": -0.6695367097854614, "4": -0.7358475923538208, "5": -0.750378429889679, "6": -0.7444606423377991, "7": -0.7658212184906006, "8": -0.7003213167190552, "9": -0.6731300354003906, "10": -0.6396750807762146, "11": -0.6797403693199158, "12": -0.666512668132782, "13": -0.6469910740852356, "14": -0.6682583093643188, "15": -0.7225619554519653, "16": -0.7544821500778198, "17": -0.7572627067565918}}