{"actual_values": {"0": -0.40831191200716793, "1": -0.5204741377782722, "2": -0.6954454921506332, "3": -0.8040339944810057, "4": -0.6059258737036793, "5": -0.5347787097648066, "6": -0.6494275579610026, "7": -0.5383480174356414, "8": -0.5173388341498459, "9": -0.30770807727923966, "10": -0.4596439494215148, "11": -0.5305554437878356, "12": -0.6154141172126676, "13": -0.932142897381758, "14": -0.8680575839671598, "15": -0.8115609161198136, "16": -0.8104542797394465, "17": -0.8612228056722384}, "predicted_values": {"0": -0.6596267819404602, "1": -0.6917033791542053, "2": -0.7580816149711609, "3": -0.7093757390975952, "4": -0.7606750726699829, "5": -0.7917773723602295, "6": -0.7995021343231201, "7": -0.814423680305481, "8": -0.755561113357544, "9": -0.731747031211853, "10": -0.71327805519104, "11": -0.7335226535797119, "12": -0.7130213379859924, "13": -0.6836937069892883, "14": -0.675818920135498, "15": -0.7275755405426025, "16": -0.767907977104187, "17": -0.7793235778808594}}